Patrycja;Biergiel;1someMail@meil.com
Patrycja;Biergiel;2someMail@meil.com
Patrycja;Biergiel;3someMail@meil.com
Patrycja;Biergiel;4someMail@meil.com
Patrycja;Biergiel;5someMail@meil.com
Patrycja;Biergiel;6someMail@meil.com
Patrycja;Biergiel;7someMail@meil.com
Patrycja;Biergiel;8someMail@meil.com
Patrycja;Biergiel;9someMail@meil.com
Patrycja;Biergiel;10someMail@meil.com
Patrycja;Biergiel;11someMail@meil.com
Patrycja;Biergiel;12someMail@meil.com
Patrycja;Biergiel;13someMail@meil.com
Patrycja;Biergiel;14someMail@meil.com
Patrycja;Biergiel;15someMail@meil.com
Patrycja;Biergiel;16someMail@meil.com
Patrycja;Biergiel;17someMail@meil.com
Patrycja;Biergiel;18someMail@meil.com
Patrycja;Biergiel;19someMail@meil.com
Patrycja;Biergiel;20someMail@meil.com
Patrycja;Biergiel;21someMail@meil.com
Patrycja;Biergiel;22someMail@meil.com
Patrycja;Biergiel;23someMail@meil.com
Patrycja;Biergiel;24someMail@meil.com
Patrycja;Biergiel;25someMail@meil.com
Patrycja;Biergiel;26someMail@meil.com
Patrycja;Biergiel;27someMail@meil.com
Patrycja;Biergiel;28someMail@meil.com
Patrycja;Biergiel;29someMail@meil.com
Patrycja;Biergiel;30someMail@meil.com
Patrycja;Biergiel;31someMail@meil.com
Patrycja;Biergiel;32someMail@meil.com
Patrycja;Biergiel;33someMail@meil.com
Patrycja;Biergiel;34someMail@meil.com
Patrycja;Biergiel;35someMail@meil.com
Patrycja;Biergiel;36someMail@meil.com
Patrycja;Biergiel;37someMail@meil.com
Patrycja;Biergiel;38someMail@meil.com
Patrycja;Biergiel;39someMail@meil.com
Patrycja;Biergiel;40someMail@meil.com
Patrycja;Biergiel;41someMail@meil.com
Patrycja;Biergiel;42someMail@meil.com
Patrycja;Biergiel;43someMail@meil.com
Patrycja;Biergiel;44someMail@meil.com
Patrycja;Biergiel;45someMail@meil.com
Patrycja;Biergiel;46someMail@meil.com
Patrycja;Biergiel;47someMail@meil.com
Patrycja;Biergiel;48someMail@meil.com
Patrycja;Biergiel;49someMail@meil.com
Patrycja;Biergiel;50someMail@meil.com
Patrycja;Biergiel;51someMail@meil.com
Patrycja;Biergiel;52someMail@meil.com
Patrycja;Biergiel;53someMail@meil.com
Patrycja;Biergiel;54someMail@meil.com
Patrycja;Biergiel;55someMail@meil.com
Patrycja;Biergiel;56someMail@meil.com
Patrycja;Biergiel;57someMail@meil.com
Patrycja;Biergiel;58someMail@meil.com
Patrycja;Biergiel;59someMail@meil.com
Patrycja;Biergiel;60someMail@meil.com
Patrycja;Biergiel;61someMail@meil.com
Patrycja;Biergiel;62someMail@meil.com
Patrycja;Biergiel;63someMail@meil.com
Patrycja;Biergiel;64someMail@meil.com
Patrycja;Biergiel;65someMail@meil.com
Patrycja;Biergiel;66someMail@meil.com
Patrycja;Biergiel;67someMail@meil.com
Patrycja;Biergiel;68someMail@meil.com
Patrycja;Biergiel;69someMail@meil.com
Patrycja;Biergiel;70someMail@meil.com
Patrycja;Biergiel;71someMail@meil.com
Patrycja;Biergiel;72someMail@meil.com
Patrycja;Biergiel;73someMail@meil.com
Patrycja;Biergiel;74someMail@meil.com
Patrycja;Biergiel;75someMail@meil.com
Patrycja;Biergiel;76someMail@meil.com
Patrycja;Biergiel;77someMail@meil.com
Patrycja;Biergiel;78someMail@meil.com
Patrycja;Biergiel;79someMail@meil.com
Patrycja;Biergiel;80someMail@meil.com
Patrycja;Biergiel;81someMail@meil.com
Patrycja;Biergiel;82someMail@meil.com
Patrycja;Biergiel;83someMail@meil.com
Patrycja;Biergiel;84someMail@meil.com
Patrycja;Biergiel;85someMail@meil.com
Patrycja;Biergiel;86someMail@meil.com
Patrycja;Biergiel;87someMail@meil.com
Patrycja;Biergiel;88someMail@meil.com
Patrycja;Biergiel;89someMail@meil.com
Patrycja;Biergiel;90someMail@meil.com
Patrycja;Biergiel;91someMail@meil.com
Patrycja;Biergiel;92someMail@meil.com
Patrycja;Biergiel;93someMail@meil.com
Patrycja;Biergiel;94someMail@meil.com
Patrycja;Biergiel;95someMail@meil.com
Patrycja;Biergiel;96someMail@meil.com
Patrycja;Biergiel;97someMail@meil.com
Patrycja;Biergiel;98someMail@meil.com
Patrycja;Biergiel;99someMail@meil.com
Patrycja;Biergiel;100someMail@meil.com
Patrycja;Biergiel;101someMail@meil.com
Patrycja;Biergiel;102someMail@meil.com
Patrycja;Biergiel;103someMail@meil.com
Patrycja;Biergiel;104someMail@meil.com
Patrycja;Biergiel;105someMail@meil.com
Patrycja;Biergiel;106someMail@meil.com
Patrycja;Biergiel;107someMail@meil.com
Patrycja;Biergiel;108someMail@meil.com
Patrycja;Biergiel;109someMail@meil.com
Patrycja;Biergiel;110someMail@meil.com
Patrycja;Biergiel;111someMail@meil.com
Patrycja;Biergiel;112someMail@meil.com
Patrycja;Biergiel;113someMail@meil.com
Patrycja;Biergiel;114someMail@meil.com
Patrycja;Biergiel;115someMail@meil.com
Patrycja;Biergiel;116someMail@meil.com
Patrycja;Biergiel;117someMail@meil.com
Patrycja;Biergiel;118someMail@meil.com
Patrycja;Biergiel;119someMail@meil.com
Patrycja;Biergiel;120someMail@meil.com
Patrycja;Biergiel;121someMail@meil.com
Patrycja;Biergiel;122someMail@meil.com
Patrycja;Biergiel;123someMail@meil.com
Patrycja;Biergiel;124someMail@meil.com
Patrycja;Biergiel;125someMail@meil.com
Patrycja;Biergiel;126someMail@meil.com
Patrycja;Biergiel;127someMail@meil.com
Patrycja;Biergiel;128someMail@meil.com
Patrycja;Biergiel;129someMail@meil.com
Patrycja;Biergiel;130someMail@meil.com
Patrycja;Biergiel;131someMail@meil.com
Patrycja;Biergiel;132someMail@meil.com
Patrycja;Biergiel;133someMail@meil.com
Patrycja;Biergiel;134someMail@meil.com
Patrycja;Biergiel;135someMail@meil.com
Patrycja;Biergiel;136someMail@meil.com
Patrycja;Biergiel;137someMail@meil.com
Patrycja;Biergiel;138someMail@meil.com
Patrycja;Biergiel;139someMail@meil.com
Patrycja;Biergiel;140someMail@meil.com
Patrycja;Biergiel;141someMail@meil.com
Patrycja;Biergiel;142someMail@meil.com
Patrycja;Biergiel;143someMail@meil.com
Patrycja;Biergiel;144someMail@meil.com
Patrycja;Biergiel;145someMail@meil.com
Patrycja;Biergiel;146someMail@meil.com
Patrycja;Biergiel;147someMail@meil.com
Patrycja;Biergiel;148someMail@meil.com
Patrycja;Biergiel;149someMail@meil.com
Patrycja;Biergiel;150someMail@meil.com
Patrycja;Biergiel;151someMail@meil.com
Patrycja;Biergiel;152someMail@meil.com
Patrycja;Biergiel;153someMail@meil.com
Patrycja;Biergiel;154someMail@meil.com
Patrycja;Biergiel;155someMail@meil.com
Patrycja;Biergiel;156someMail@meil.com
Patrycja;Biergiel;157someMail@meil.com
Patrycja;Biergiel;158someMail@meil.com
Patrycja;Biergiel;159someMail@meil.com
Patrycja;Biergiel;160someMail@meil.com
Patrycja;Biergiel;161someMail@meil.com
Patrycja;Biergiel;162someMail@meil.com
Patrycja;Biergiel;163someMail@meil.com
Patrycja;Biergiel;164someMail@meil.com
Patrycja;Biergiel;165someMail@meil.com
Patrycja;Biergiel;166someMail@meil.com
Patrycja;Biergiel;167someMail@meil.com
Patrycja;Biergiel;168someMail@meil.com
Patrycja;Biergiel;169someMail@meil.com
Patrycja;Biergiel;170someMail@meil.com
Patrycja;Biergiel;171someMail@meil.com
Patrycja;Biergiel;172someMail@meil.com
Patrycja;Biergiel;173someMail@meil.com
Patrycja;Biergiel;174someMail@meil.com
Patrycja;Biergiel;175someMail@meil.com
Patrycja;Biergiel;176someMail@meil.com
Patrycja;Biergiel;177someMail@meil.com
Patrycja;Biergiel;178someMail@meil.com
Patrycja;Biergiel;179someMail@meil.com
Patrycja;Biergiel;180someMail@meil.com
Patrycja;Biergiel;181someMail@meil.com
Patrycja;Biergiel;182someMail@meil.com
Patrycja;Biergiel;183someMail@meil.com
Patrycja;Biergiel;184someMail@meil.com
Patrycja;Biergiel;185someMail@meil.com
Patrycja;Biergiel;186someMail@meil.com
Patrycja;Biergiel;187someMail@meil.com
Patrycja;Biergiel;188someMail@meil.com
Patrycja;Biergiel;189someMail@meil.com
Patrycja;Biergiel;190someMail@meil.com
Patrycja;Biergiel;191someMail@meil.com
Patrycja;Biergiel;192someMail@meil.com
Patrycja;Biergiel;193someMail@meil.com
Patrycja;Biergiel;194someMail@meil.com
Patrycja;Biergiel;195someMail@meil.com
Patrycja;Biergiel;196someMail@meil.com
Patrycja;Biergiel;197someMail@meil.com
Patrycja;Biergiel;198someMail@meil.com
Patrycja;Biergiel;199someMail@meil.com
Patrycja;Biergiel;200someMail@meil.com
Patrycja;Biergiel;201someMail@meil.com
Patrycja;Biergiel;202someMail@meil.com
Patrycja;Biergiel;203someMail@meil.com
Patrycja;Biergiel;204someMail@meil.com
Patrycja;Biergiel;205someMail@meil.com
Patrycja;Biergiel;206someMail@meil.com
Patrycja;Biergiel;207someMail@meil.com
Patrycja;Biergiel;208someMail@meil.com
Patrycja;Biergiel;209someMail@meil.com
Patrycja;Biergiel;210someMail@meil.com
Patrycja;Biergiel;211someMail@meil.com
Patrycja;Biergiel;212someMail@meil.com
Patrycja;Biergiel;213someMail@meil.com
Patrycja;Biergiel;214someMail@meil.com
Patrycja;Biergiel;215someMail@meil.com
Patrycja;Biergiel;216someMail@meil.com
Patrycja;Biergiel;217someMail@meil.com
Patrycja;Biergiel;218someMail@meil.com
Patrycja;Biergiel;219someMail@meil.com
Patrycja;Biergiel;220someMail@meil.com
Patrycja;Biergiel;221someMail@meil.com
Patrycja;Biergiel;222someMail@meil.com
Patrycja;Biergiel;223someMail@meil.com
Patrycja;Biergiel;224someMail@meil.com
Patrycja;Biergiel;225someMail@meil.com
Patrycja;Biergiel;226someMail@meil.com
Patrycja;Biergiel;227someMail@meil.com
Patrycja;Biergiel;228someMail@meil.com
Patrycja;Biergiel;229someMail@meil.com
Patrycja;Biergiel;230someMail@meil.com
Patrycja;Biergiel;231someMail@meil.com
Patrycja;Biergiel;232someMail@meil.com
Patrycja;Biergiel;233someMail@meil.com
Patrycja;Biergiel;234someMail@meil.com
Patrycja;Biergiel;235someMail@meil.com
Patrycja;Biergiel;236someMail@meil.com
Patrycja;Biergiel;237someMail@meil.com
Patrycja;Biergiel;238someMail@meil.com
Patrycja;Biergiel;239someMail@meil.com
Patrycja;Biergiel;240someMail@meil.com
Patrycja;Biergiel;241someMail@meil.com
Patrycja;Biergiel;242someMail@meil.com
Patrycja;Biergiel;243someMail@meil.com
Patrycja;Biergiel;244someMail@meil.com
Patrycja;Biergiel;245someMail@meil.com
Patrycja;Biergiel;246someMail@meil.com
Patrycja;Biergiel;247someMail@meil.com
Patrycja;Biergiel;248someMail@meil.com
Patrycja;Biergiel;249someMail@meil.com
Patrycja;Biergiel;250someMail@meil.com
Patrycja;Biergiel;251someMail@meil.com
Patrycja;Biergiel;252someMail@meil.com
Patrycja;Biergiel;253someMail@meil.com
Patrycja;Biergiel;254someMail@meil.com
Patrycja;Biergiel;255someMail@meil.com
Patrycja;Biergiel;256someMail@meil.com
Patrycja;Biergiel;257someMail@meil.com
Patrycja;Biergiel;258someMail@meil.com
Patrycja;Biergiel;259someMail@meil.com
Patrycja;Biergiel;260someMail@meil.com
Patrycja;Biergiel;261someMail@meil.com
Patrycja;Biergiel;262someMail@meil.com
Patrycja;Biergiel;263someMail@meil.com
Patrycja;Biergiel;264someMail@meil.com
Patrycja;Biergiel;265someMail@meil.com
Patrycja;Biergiel;266someMail@meil.com
Patrycja;Biergiel;267someMail@meil.com
Patrycja;Biergiel;268someMail@meil.com
Patrycja;Biergiel;269someMail@meil.com
Patrycja;Biergiel;270someMail@meil.com
Patrycja;Biergiel;271someMail@meil.com
Patrycja;Biergiel;272someMail@meil.com
Patrycja;Biergiel;273someMail@meil.com
Patrycja;Biergiel;274someMail@meil.com
Patrycja;Biergiel;275someMail@meil.com
Patrycja;Biergiel;276someMail@meil.com
Patrycja;Biergiel;277someMail@meil.com
Patrycja;Biergiel;278someMail@meil.com
Patrycja;Biergiel;279someMail@meil.com
Patrycja;Biergiel;280someMail@meil.com
Patrycja;Biergiel;281someMail@meil.com
Patrycja;Biergiel;282someMail@meil.com
Patrycja;Biergiel;283someMail@meil.com
Patrycja;Biergiel;284someMail@meil.com
Patrycja;Biergiel;285someMail@meil.com
Patrycja;Biergiel;286someMail@meil.com
Patrycja;Biergiel;287someMail@meil.com
Patrycja;Biergiel;288someMail@meil.com
Patrycja;Biergiel;289someMail@meil.com
Patrycja;Biergiel;290someMail@meil.com
Patrycja;Biergiel;291someMail@meil.com
Patrycja;Biergiel;292someMail@meil.com
Patrycja;Biergiel;293someMail@meil.com
Patrycja;Biergiel;294someMail@meil.com
Patrycja;Biergiel;295someMail@meil.com
Patrycja;Biergiel;296someMail@meil.com
Patrycja;Biergiel;297someMail@meil.com
Patrycja;Biergiel;298someMail@meil.com
Patrycja;Biergiel;299someMail@meil.com
Patrycja;Biergiel;300someMail@meil.com
